
{
	"allowSleep" : true,
	"autoClearForces" : true,
	"body" : 
	[
		
		{
			"angle" : 0,
			"angularVelocity" : 0,
			"awake" : true,
			"fixture" : 
			[
				
				{
					"density" : 1,
					"friction" : 0.2,
					"name" : "fixture2",
					"polygon" : 
					{
						"vertices" : 
						{
							"x" : 
							[
								0.9945534467697144,
								0.9945534467697144,
								-0.9945535063743591,
								-0.9945535063743591
							],
							"y" : 
							[
								-0.2260868549346924,
								0.2260868549346924,
								0.2260868549346924,
								-0.2260868549346924
							]
						}
					}
				}
			],
			"linearVelocity" : 0,
			"massData-I" : 0.3118751049041748,
			"massData-center" : 
			{
				"x" : -3.553421379365318e-008,
				"y" : 1.177418718079082e-009
			},
			"massData-mass" : 0.8994218707084656,
			"name" : "body0",
			"position" : 
			{
				"x" : -0.1130493134260178,
				"y" : 1.518090963363648
			},
			"type" : 2
		},
		
		{
			"angle" : 0,
			"angularVelocity" : 0,
			"awake" : true,
			"fixture" : 
			[
				
				{
					"density" : 1,
					"friction" : 0.2,
					"name" : "fixture1",
					"polygon" : 
					{
						"vertices" : 
						{
							"x" : 
							[
								1.952353000640869,
								1.952353000640869,
								-1.952353119850159,
								-1.952353119850159
							],
							"y" : 
							[
								-0.09732723236083984,
								0.09732723236083984,
								0.09732723236083984,
								-0.09732723236083984
							]
						}
					}
				}
			],
			"linearVelocity" : 0,
			"name" : "TopMostBox",
			"position" : 
			{
				"x" : -0.1691173613071442,
				"y" : 2.541594743728638
			},
			"type" : 0
		},
		
		{
			"angle" : 3.141592741012573,
			"angularVelocity" : 0,
			"awake" : true,
			"fixture" : 
			[
				
				{
					"density" : 1,
					"friction" : 0.2,
					"name" : "fixture0",
					"polygon" : 
					{
						"vertices" : 
						{
							"x" : 
							[
								3.798044443130493,
								-3.798044204711914,
								-3.798044443130493,
								3.798043966293335
							],
							"y" : 
							[
								0.09149601310491562,
								0.09149668365716934,
								-0.09149601310491562,
								-0.09149680286645889
							]
						}
					}
				}
			],
			"linearVelocity" : 0,
			"name" : "Ground",
			"position" : 0,
			"type" : 0
		}
	],
	"collisionbitplanes" : 
	{
		"names" : 
		[
			"bitplane1",
			"bitplane2",
			"bitplane3",
			"bitplane4",
			"bitplane5",
			"bitplane6",
			"bitplane7",
			"bitplane8",
			"bitplane9",
			"bitplane10",
			"bitplane11",
			"bitplane12",
			"bitplane13",
			"bitplane14",
			"bitplane15",
			"bitplane16",
			"bitplane17",
			"bitplane18",
			"bitplane19",
			"bitplane20",
			"bitplane21",
			"bitplane22",
			"bitplane23",
			"bitplane24",
			"bitplane25",
			"bitplane26",
			"bitplane27",
			"bitplane28",
			"bitplane29",
			"bitplane30",
			"bitplane31",
			"bitplane32"
		]
	},
	"continuousPhysics" : true,
	"gravity" : 
	{
		"x" : 0,
		"y" : -10
	},
	"image" : 
	[
		
		{
			"aspectScale" : 19.41664695739746,
			"body" : 1,
			"center" : 
			{
				"x" : 5.960464477539063e-008,
				"y" : 3.737622211730241e-009
			},
			"corners" : 
			{
				"x" : 
				[
					-1.966880559921265,
					1.966880679130554,
					1.966880679130554,
					-1.966880559921265
				],
				"y" : 
				[
					-0.1012986674904823,
					-0.1012986674904823,
					0.1012986823916435,
					0.1012986823916435
				]
			},
			"file" : "../Texture/Crate.png",
			"filter" : 1,
			"glDrawElements" : [ 0, 1, 2, 2, 3, 0 ],
			"glTexCoordPointer" : [ 0.0, 0.0, 1, 0.0, 1, 1, 0.0, 1 ],
			"glVertexPointer" : 
			[
				-1.966880559921265,
				-0.1012986674904823,
				1.966880679130554,
				-0.1012986674904823,
				1.966880679130554,
				0.1012986823916435,
				-1.966880559921265,
				0.1012986823916435
			],
			"name" : "image0",
			"opacity" : 0.5,
			"scale" : 0.2025973498821259
		}
	],
	"joint" : 
	[
		
		{
			"anchorA" : 0,
			"anchorB" : 
			{
				"x" : -0.9501524567604065,
				"y" : 0.0134582519531250
			},
			"bodyA" : 1,
			"bodyB" : 0,
			"dampingRatio" : 0,
			"frequency" : 0,
			"length" : 1.025040030479431,
			"name" : "joint0",
			"type" : "distance"
		}
	],
	"positionIterations" : 3,
	"stepsPerSecond" : 60.0,
	"subStepping" : false,
	"velocityIterations" : 8,
	"warmStarting" : true
}
