
{
	"allowSleep" : true,
	"autoClearForces" : true,
	"body" : 
	[
		
		{
			"angle" : 0,
			"angularVelocity" : 0,
			"awake" : true,
			"fixture" : 
			[
				
				{
					"density" : 1,
					"friction" : 0.2,
					"name" : "fixture1",
					"polygon" : 
					{
						"vertices" : 
						{
							"x" : 
							[
								0.1768096536397934,
								0.1768096536397934,
								-0.1768096387386322,
								-0.1768096387386322
							],
							"y" : 
							[
								-0.1768095493316650,
								0.1768097877502441,
								0.1768097877502441,
								-0.1768095493316650
							]
						}
					}
				}
			],
			"linearVelocity" : 
			{
				"x" : 8,
				"y" : 0
			},
			"massData-I" : 0.002606109715998173,
			"massData-center" : 
			{
				"x" : 6.991619727614307e-009,
				"y" : 1.187489431231370e-007
			},
			"massData-mass" : 0.1250466257333756,
			"name" : "DynaBody",
			"position" : 
			{
				"x" : 0.009098470211029053,
				"y" : 0.6151607036590576
			},
			"type" : 2
		},
		
		{
			"angle" : 3.141592741012573,
			"angularVelocity" : 0,
			"awake" : true,
			"fixture" : 
			[
				
				{
					"density" : 1,
					"friction" : 0.2,
					"name" : "fixture0",
					"polygon" : 
					{
						"vertices" : 
						{
							"x" : 
							[
								3.798044443130493,
								-3.798044204711914,
								-3.798044443130493,
								3.798043966293335
							],
							"y" : 
							[
								0.09149601310491562,
								0.09149668365716934,
								-0.09149601310491562,
								-0.09149680286645889
							]
						}
					}
				}
			],
			"linearVelocity" : 0,
			"name" : "Ground",
			"position" : 0,
			"type" : 0
		}
	],
	"collisionbitplanes" : 
	{
		"names" : 
		[
			"bitplane1",
			"bitplane2",
			"bitplane3",
			"bitplane4",
			"bitplane5",
			"bitplane6",
			"bitplane7",
			"bitplane8",
			"bitplane9",
			"bitplane10",
			"bitplane11",
			"bitplane12",
			"bitplane13",
			"bitplane14",
			"bitplane15",
			"bitplane16",
			"bitplane17",
			"bitplane18",
			"bitplane19",
			"bitplane20",
			"bitplane21",
			"bitplane22",
			"bitplane23",
			"bitplane24",
			"bitplane25",
			"bitplane26",
			"bitplane27",
			"bitplane28",
			"bitplane29",
			"bitplane30",
			"bitplane31",
			"bitplane32"
		]
	},
	"continuousPhysics" : true,
	"gravity" : 
	{
		"x" : 0,
		"y" : -10
	},
	"image" : 
	[
		
		{
			"aspectScale" : 1,
			"body" : 0,
			"center" : 0,
			"corners" : 
			{
				"x" : 
				[
					-0.1777255982160568,
					0.1777255982160568,
					0.1777255982160568,
					-0.1777255982160568
				],
				"y" : 
				[
					-0.1777255982160568,
					-0.1777255982160568,
					0.1777255982160568,
					0.1777255982160568
				]
			},
			"file" : "../Texture/Crate.png",
			"filter" : 1,
			"glDrawElements" : [ 0, 1, 2, 2, 3, 0 ],
			"glTexCoordPointer" : [ 0.0, 0.0, 1, 0.0, 1, 1, 0.0, 1 ],
			"glVertexPointer" : 
			[
				-0.1777255982160568,
				-0.1777255982160568,
				0.1777255982160568,
				-0.1777255982160568,
				0.1777255982160568,
				0.1777255982160568,
				-0.1777255982160568,
				0.1777255982160568
			],
			"name" : "image0",
			"opacity" : 0.5,
			"scale" : 0.3554511964321137
		}
	],
	"joint" : 
	[
		
		{
			"anchorA" : 
			{
				"x" : 0.0003100801259279251,
				"y" : -0.0008494257926940918
			},
			"anchorB" : 
			{
				"x" : -8.661113679409027e-005,
				"y" : -0.0004527270793914795
			},
			"bodyA" : 0,
			"bodyB" : 1,
			"collideConnected" : true,
			"maxForce" : 1,
			"maxTorque" : 2,
			"name" : "joint0",
			"type" : "friction"
		}
	],
	"positionIterations" : 3,
	"stepsPerSecond" : 60.0,
	"subStepping" : false,
	"velocityIterations" : 8,
	"warmStarting" : true
}
