
{
	"allowSleep" : true,
	"autoClearForces" : true,
	"body" : 
	[
		
		{
			"angle" : 0,
			"angularVelocity" : 0,
			"awake" : true,
			"fixture" : 
			[
				
				{
					"density" : 1,
					"friction" : 0.2,
					"name" : "fixture2",
					"polygon" : 
					{
						"vertices" : 
						{
							"x" : 
							[
								0.2275826930999756,
								0.2275826930999756,
								-0.2275826334953308,
								-0.2275826334953308
							],
							"y" : 
							[
								-0.04970216751098633,
								0.04970204830169678,
								0.04970204830169678,
								-0.04970216751098633
							]
						}
					}
				}
			],
			"linearVelocity" : 0,
			"massData-I" : 0.0008184004691429436,
			"massData-center" : 
			{
				"x" : 3.085311206518782e-008,
				"y" : -5.930628077521760e-008
			},
			"massData-mass" : 0.04524535313248634,
			"name" : "Platform",
			"position" : 
			{
				"x" : -0.7571702599525452,
				"y" : 1.316935658454895
			},
			"type" : 2
		},
		
		{
			"angle" : 0,
			"angularVelocity" : 0,
			"awake" : true,
			"fixture" : 
			[
				
				{
					"density" : 1,
					"friction" : 0.2,
					"name" : "fixture1",
					"polygon" : 
					{
						"vertices" : 
						{
							"x" : 
							[
								0.1768096536397934,
								0.1768096536397934,
								-0.1768096387386322,
								-0.1768096387386322
							],
							"y" : 
							[
								-0.1768095493316650,
								0.1768097877502441,
								0.1768097877502441,
								-0.1768095493316650
							]
						}
					}
				}
			],
			"linearVelocity" : 0,
			"name" : "Right Body",
			"position" : 
			{
				"x" : -0.7284137010574341,
				"y" : 3.220678091049194
			},
			"type" : 0
		},
		
		{
			"angle" : 3.141592741012573,
			"angularVelocity" : 0,
			"awake" : true,
			"fixture" : 
			[
				
				{
					"density" : 1,
					"friction" : 0.2,
					"name" : "fixture0",
					"polygon" : 
					{
						"vertices" : 
						{
							"x" : 
							[
								3.798044443130493,
								-3.798044204711914,
								-3.798044443130493,
								3.798043966293335
							],
							"y" : 
							[
								0.09149601310491562,
								0.09149668365716934,
								-0.09149601310491562,
								-0.09149680286645889
							]
						}
					}
				}
			],
			"linearVelocity" : 0,
			"name" : "Ground",
			"position" : 0,
			"type" : 0
		}
	],
	"collisionbitplanes" : 
	{
		"names" : 
		[
			"bitplane1",
			"bitplane2",
			"bitplane3",
			"bitplane4",
			"bitplane5",
			"bitplane6",
			"bitplane7",
			"bitplane8",
			"bitplane9",
			"bitplane10",
			"bitplane11",
			"bitplane12",
			"bitplane13",
			"bitplane14",
			"bitplane15",
			"bitplane16",
			"bitplane17",
			"bitplane18",
			"bitplane19",
			"bitplane20",
			"bitplane21",
			"bitplane22",
			"bitplane23",
			"bitplane24",
			"bitplane25",
			"bitplane26",
			"bitplane27",
			"bitplane28",
			"bitplane29",
			"bitplane30",
			"bitplane31",
			"bitplane32"
		]
	},
	"continuousPhysics" : true,
	"gravity" : 
	{
		"x" : 0,
		"y" : -10
	},
	"image" : 
	[
		
		{
			"aspectScale" : 1,
			"body" : 1,
			"center" : 0,
			"corners" : 
			{
				"x" : 
				[
					-0.1777255982160568,
					0.1777255982160568,
					0.1777255982160568,
					-0.1777255982160568
				],
				"y" : 
				[
					-0.1777255982160568,
					-0.1777255982160568,
					0.1777255982160568,
					0.1777255982160568
				]
			},
			"file" : "../Texture/Crate.png",
			"filter" : 1,
			"glDrawElements" : [ 0, 1, 2, 2, 3, 0 ],
			"glTexCoordPointer" : [ 0.0, 0.0, 1, 0.0, 1, 1, 0.0, 1 ],
			"glVertexPointer" : 
			[
				-0.1777255982160568,
				-0.1777255982160568,
				0.1777255982160568,
				-0.1777255982160568,
				0.1777255982160568,
				0.1777255982160568,
				-0.1777255982160568,
				0.1777255982160568
			],
			"name" : "image0",
			"opacity" : 0.5,
			"scale" : 0.3554511964321137
		}
	],
	"joint" : 
	[
		
		{
			"anchorA" : 
			{
				"x" : 1.684674739837647,
				"y" : -0.01819157600402832
			},
			"anchorB" : 
			{
				"x" : 0.007005631923675537,
				"y" : -0.004103541374206543
			},
			"bodyA" : 1,
			"bodyB" : 0,
			"collideConnected" : true,
			"enableLimit" : true,
			"enableMotor" : false,
			"localAxisA" : 
			{
				"x" : -0.5986074209213257,
				"y" : 0.8010425567626953
			},
			"lowerLimit" : -10,
			"maxMotorForce" : 0,
			"motorSpeed" : 0,
			"name" : "joint0",
			"refAngle" : 0,
			"type" : "prismatic",
			"upperLimit" : 20.0
		}
	],
	"positionIterations" : 3,
	"stepsPerSecond" : 60.0,
	"subStepping" : false,
	"velocityIterations" : 8,
	"warmStarting" : true
}
